{
  "properties": {
    "connectionReferences": {
      "shared_commondataserviceforapps": {
        "runtimeSource": "embedded",
        "connection": {
          "connectionReferenceLogicalName": "mssh_sharedcommondataserviceforapps_54d80"
        },
        "api": {
          "name": "shared_commondataserviceforapps"
        }
      },
      "shared_azuread_1": {
        "runtimeSource": "embedded",
        "connection": {
          "connectionReferenceLogicalName": "mssh_sharedazuread_a31b5"
        },
        "api": {
          "name": "shared_azuread"
        }
      },
      "shared_sharepointonline": {
        "runtimeSource": "embedded",
        "connection": {
          "connectionReferenceLogicalName": "mssh_sharedsharepointonline_e3d43"
        },
        "api": {
          "name": "shared_sharepointonline"
        }
      },
      "shared_office365_1": {
        "runtimeSource": "embedded",
        "connection": {
          "connectionReferenceLogicalName": "mssh_sharedoffice365_06536"
        },
        "api": {
          "name": "shared_office365"
        }
      }
    },
    "definition": {
      "$schema": "https://schema.management.azure.com/providers/Microsoft.Logic/schemas/2016-06-01/workflowdefinition.json#",
      "contentVersion": "1.0.0.0",
      "parameters": {
        "$connections": {
          "defaultValue": {},
          "type": "Object"
        },
        "$authentication": {
          "defaultValue": {},
          "type": "SecureObject"
        },
        "AD Admin Group ID (mssh_ADAdminGroupID)": {
          "defaultValue": "c054efac-ea74-4dd1-baf9-003b871547ab",
          "type": "String",
          "metadata": {
            "schemaName": "mssh_ADAdminGroupID"
          }
        },
        "SharePoint Site URL (mssh_SharePointSiteURL)": {
          "defaultValue": "https://crm288546.sharepoint.com/sites/JITSite",
          "type": "String",
          "metadata": {
            "schemaName": "mssh_SharePointSiteURL"
          }
        },
        "SharePoint List ID (mssh_SharePointListID)": {
          "defaultValue": "3d036f92-5257-4198-b21e-d89cd54e28c8",
          "type": "String",
          "metadata": {
            "schemaName": "mssh_SharePointListID"
          }
        }
      },
      "triggers": {
        "Recurrence": {
          "recurrence": {
            "frequency": "Month",
            "interval": 1
          },
          "metadata": {
            "operationMetadataId": "467529ca-3b4b-48f8-b431-6d4897b52b0c"
          },
          "type": "Recurrence"
        }
      },
      "actions": {
        "Get_Users_with_Admin_Role": {
          "runAfter": {
            "Set_RoleId": [
              "Succeeded"
            ]
          },
          "metadata": {
            "operationMetadataId": "d029e0a3-9283-407e-953f-dd9ea51218e5"
          },
          "type": "OpenApiConnection",
          "inputs": {
            "host": {
              "connectionName": "shared_commondataserviceforapps",
              "operationId": "ListRecords",
              "apiId": "/providers/Microsoft.PowerApps/apis/shared_commondataserviceforapps"
            },
            "parameters": {
              "entityName": "systemusers",
              "$select": "fullname, domainname, title, internalemailaddress",
              "fetchXml": "<fetch version=\"1.0\" output-format=\"xml-platform\" mapping=\"logical\" distinct=\"true\">\n  <entity name=\"systemuser\">\n    <attribute name=\"fullname\" />\n    <attribute name=\"businessunitid\" />\n    <attribute name=\"title\" />\n    <attribute name=\"address1_telephone1\" />\n    <attribute name=\"positionid\" />\n    <attribute name=\"systemuserid\" />\n    <order attribute=\"fullname\" descending=\"false\" />\n   <filter type=\"and\">\n      <condition attribute=\"accessmode\" operator=\"ne\" value=\"4\" />\n    </filter>\n    <link-entity name=\"systemuserroles\" from=\"systemuserid\" to=\"systemuserid\" visible=\"false\" intersect=\"true\">\n      <link-entity name=\"role\" from=\"roleid\" to=\"roleid\" alias=\"ab\">\n        <filter type=\"and\">\n          <condition attribute=\"roleid\" operator=\"eq\" uiname=\"System Administrator\" uitype=\"role\" value=\"@{variables('RoleId')}\" />\n        </filter>\n      </link-entity>\n    </link-entity>\n  </entity>\n</fetch>"
            },
            "authentication": "@parameters('$authentication')"
          }
        },
        "Check_User's_has_Admin_Role": {
          "actions": {
            "Apply_to_each": {
              "foreach": "@outputs('Get_Users_with_Admin_Role')?['body/value']",
              "actions": {
                "Set_User_Name": {
                  "runAfter": {},
                  "metadata": {
                    "operationMetadataId": "950e7699-1700-4963-b91c-09066f6a5af2"
                  },
                  "type": "SetVariable",
                  "inputs": {
                    "name": "UserName",
                    "value": " @{substring(items('Apply_to_each')?['domainname'], 0 , indexof(items('Apply_to_each')?['domainname'], '@'))}"
                  }
                },
                "Get_Azure_AD_group_members": {
                  "runAfter": {
                    "Set_User_Name": [
                      "Succeeded"
                    ]
                  },
                  "metadata": {
                    "operationMetadataId": "86e92a29-be4e-4d0f-a8a9-380d6d63db25"
                  },
                  "type": "OpenApiConnection",
                  "inputs": {
                    "host": {
                      "connectionName": "shared_azuread_1",
                      "operationId": "GetGroupMembers",
                      "apiId": "/providers/Microsoft.PowerApps/apis/shared_azuread"
                    },
                    "parameters": {
                      "id": "@variables('AD Admin Group ID')"
                    },
                    "authentication": "@parameters('$authentication')"
                  }
                },
                "Filter_Admin_Group_members": {
                  "runAfter": {
                    "Get_Azure_AD_group_members": [
                      "Succeeded"
                    ]
                  },
                  "metadata": {
                    "operationMetadataId": "7ae931b5-28f8-42ea-8684-c15f3e924b33"
                  },
                  "type": "Query",
                  "inputs": {
                    "from": "@outputs('Get_Azure_AD_group_members')?['body/value']",
                    "where": "@equals(split(item()?['userPrincipalName'], '@')[0], split(items('Apply_to_each')?['internalemailaddress'], '@')[0])"
                  }
                },
                "Check_if_user_is_not_part_of_Admin_group": {
                  "actions": {
                    "Get_items": {
                      "runAfter": {},
                      "metadata": {
                        "operationMetadataId": "c8f77c96-2b86-4bcb-8357-4df6d6254bce"
                      },
                      "type": "OpenApiConnection",
                      "inputs": {
                        "host": {
                          "connectionName": "shared_sharepointonline",
                          "operationId": "GetItems",
                          "apiId": "/providers/Microsoft.PowerApps/apis/shared_sharepointonline"
                        },
                        "parameters": {
                          "dataset": "@parameters('SharePoint Site URL (mssh_SharePointSiteURL)')",
                          "table": "@parameters('SharePoint List ID (mssh_SharePointListID)')",
                          "$filter": "Title eq 'JITRequest -@{variables('UserName')}'"
                        },
                        "authentication": "@parameters('$authentication')"
                      }
                    },
                    "If_the_request_is_present_in_Sharepoint": {
                      "actions": {
                        "Unrelate_rows": {
                          "runAfter": {},
                          "metadata": {
                            "operationMetadataId": "823fc92b-65a8-4f92-b583-633d82818d16"
                          },
                          "type": "OpenApiConnection",
                          "inputs": {
                            "host": {
                              "connectionName": "shared_commondataserviceforapps",
                              "operationId": "DisassociateEntities",
                              "apiId": "/providers/Microsoft.PowerApps/apis/shared_commondataserviceforapps"
                            },
                            "parameters": {
                              "entityName": "roles",
                              "recordId": "@variables('RoleId')",
                              "associationEntityRelationship": "systemuserroles_association",
                              "$id": "@items('Apply_to_each')?['@odata.id']"
                            },
                            "authentication": "@parameters('$authentication')"
                          }
                        },
                        "Send_mail_on_Revoking_the_role": {
                          "runAfter": {
                            "Unrelate_rows": [
                              "Succeeded"
                            ]
                          },
                          "metadata": {
                            "operationMetadataId": "85ed3b63-ddba-4ccf-9f77-cd2b5b27edf3"
                          },
                          "type": "OpenApiConnection",
                          "inputs": {
                            "host": {
                              "connectionName": "shared_office365_1",
                              "operationId": "SendEmailV2",
                              "apiId": "/providers/Microsoft.PowerApps/apis/shared_office365"
                            },
                            "parameters": {
                              "emailMessage/To": "@items('Apply_to_each')?['internalemailaddress']",
                              "emailMessage/Subject": "Admin access is revoked for User : @{items('Apply_to_each')?['fullname']}",
                              "emailMessage/Body": "<p>Hi @{items('Apply_to_each')?['fullname']},<br>\n<br>\nYour admin permission have been revoked since there is no valid JIT Request authorizing privileges. Please raise a request via the JIT app in case you need admin access.<br>\n<br>\nThank you<br>\n</p>"
                            },
                            "authentication": "@parameters('$authentication')"
                          }
                        }
                      },
                      "runAfter": {
                        "Get_items": [
                          "Succeeded"
                        ]
                      },
                      "expression": {
                        "equals": [
                          "@length(outputs('Get_items')?['body/value'])",
                          0
                        ]
                      },
                      "metadata": {
                        "operationMetadataId": "38b2902d-0632-46e4-974a-43142efcdc6f"
                      },
                      "type": "If"
                    }
                  },
                  "runAfter": {
                    "Filter_Admin_Group_members": [
                      "Succeeded"
                    ]
                  },
                  "expression": {
                    "equals": [
                      "@length(body('Filter_Admin_Group_members'))",
                      0
                    ]
                  },
                  "metadata": {
                    "operationMetadataId": "6521ed53-81d3-46c1-8cd1-ae17170f7d31"
                  },
                  "type": "If"
                }
              },
              "runAfter": {},
              "metadata": {
                "operationMetadataId": "224c3a07-a828-43f6-9fa8-f4a8de5f9784"
              },
              "type": "Foreach"
            }
          },
          "runAfter": {
            "Get_Users_with_Admin_Role": [
              "Succeeded"
            ]
          },
          "expression": {
            "greater": [
              "@length(outputs('Get_Users_with_Admin_Role')?['body/value'])",
              0
            ]
          },
          "metadata": {
            "operationMetadataId": "cc123171-cd07-4bff-8348-c61b71119ecd"
          },
          "type": "If"
        },
        "UserName": {
          "runAfter": {},
          "metadata": {
            "operationMetadataId": "b30d3c63-7625-42ae-a4e2-baf1fc67e8bc"
          },
          "type": "InitializeVariable",
          "inputs": {
            "variables": [
              {
                "name": "UserName",
                "type": "string"
              }
            ]
          }
        },
        "RoleId": {
          "runAfter": {
            "UserName": [
              "Succeeded"
            ]
          },
          "metadata": {
            "operationMetadataId": "efde00e5-791a-4977-b7b7-046e0b3b054d"
          },
          "type": "InitializeVariable",
          "inputs": {
            "variables": [
              {
                "name": "RoleId",
                "type": "string"
              }
            ]
          }
        },
        "AD_Admin_Group_ID": {
          "runAfter": {
            "RoleId": [
              "Succeeded"
            ]
          },
          "metadata": {
            "operationMetadataId": "96875bdd-7c31-4be3-a4d1-9a1e07439ae0"
          },
          "type": "InitializeVariable",
          "inputs": {
            "variables": [
              {
                "name": "AD Admin Group ID",
                "type": "string",
                "value": "@parameters('AD Admin Group ID (mssh_ADAdminGroupID)')"
              }
            ]
          }
        },
        "Get_System_Administrator_Role": {
          "runAfter": {
            "AD_Admin_Group_ID": [
              "Succeeded"
            ]
          },
          "metadata": {
            "operationMetadataId": "e36ececc-1733-4439-95c9-25dc7ae1b2b1"
          },
          "type": "OpenApiConnection",
          "inputs": {
            "host": {
              "connectionName": "shared_commondataserviceforapps",
              "operationId": "ListRecords",
              "apiId": "/providers/Microsoft.PowerApps/apis/shared_commondataserviceforapps"
            },
            "parameters": {
              "entityName": "roles",
              "$filter": "startswith(name,'System Administrator')"
            },
            "authentication": "@parameters('$authentication')"
          }
        },
        "Set_RoleId": {
          "runAfter": {
            "Get_System_Administrator_Role": [
              "Succeeded"
            ]
          },
          "metadata": {
            "operationMetadataId": "ab21c476-03b8-4e6e-bb85-bb6e701d8ca2"
          },
          "type": "SetVariable",
          "inputs": {
            "name": "RoleId",
            "value": "@{first(outputs('Get_System_Administrator_Role')?['body/value'])['roleid']}"
          }
        }
      },
      "outputs": {}
    }
  },
  "schemaVersion": "1.0.0.0"
}