<ImportExportXml xmlns:xsi="http://www.w3.org/2001/XMLSchema-instance">
  <Entities></Entities>
  <Roles></Roles>
  <Workflows>
    <Workflow WorkflowId="{676e4e80-3185-eb11-a812-000d3a593043}" Name="Submit Request">
      <JsonFileName>/Workflows/SubmitRequest-676E4E80-3185-EB11-A812-000D3A593043.json</JsonFileName>
      <Type>1</Type>
      <Subprocess>0</Subprocess>
      <Category>5</Category>
      <Mode>0</Mode>
      <Scope>4</Scope>
      <OnDemand>0</OnDemand>
      <TriggerOnCreate>0</TriggerOnCreate>
      <TriggerOnDelete>0</TriggerOnDelete>
      <AsyncAutodelete>0</AsyncAutodelete>
      <SyncWorkflowLogOnFailure>0</SyncWorkflowLogOnFailure>
      <StateCode>1</StateCode>
      <StatusCode>2</StatusCode>
      <RunAs>1</RunAs>
      <IsTransacted>1</IsTransacted>
      <IntroducedVersion>1.0.0.0</IntroducedVersion>
      <IsCustomizable>1</IsCustomizable>
      <IsCustomProcessingStepAllowedForOtherPublishers>1</IsCustomProcessingStepAllowedForOtherPublishers>
      <PrimaryEntity>none</PrimaryEntity>
      <LocalizedNames>
        <LocalizedName languagecode="1033" description="Submit Request" />
      </LocalizedNames>
    </Workflow>
    <Workflow WorkflowId="{3ae1eace-bccd-eb11-bacc-0022481d1750}" Name="Remove Admin Access">
      <JsonFileName>/Workflows/RemoveAdminAccess-3AE1EACE-BCCD-EB11-BACC-0022481D1750.json</JsonFileName>
      <Type>1</Type>
      <Subprocess>0</Subprocess>
      <Category>5</Category>
      <Mode>0</Mode>
      <Scope>4</Scope>
      <OnDemand>0</OnDemand>
      <TriggerOnCreate>0</TriggerOnCreate>
      <TriggerOnDelete>0</TriggerOnDelete>
      <AsyncAutodelete>0</AsyncAutodelete>
      <SyncWorkflowLogOnFailure>0</SyncWorkflowLogOnFailure>
      <StateCode>1</StateCode>
      <StatusCode>2</StatusCode>
      <RunAs>1</RunAs>
      <IsTransacted>1</IsTransacted>
      <IntroducedVersion>1.0.0.6</IntroducedVersion>
      <IsCustomizable>1</IsCustomizable>
      <IsCustomProcessingStepAllowedForOtherPublishers>1</IsCustomProcessingStepAllowedForOtherPublishers>
      <PrimaryEntity>none</PrimaryEntity>
      <LocalizedNames>
        <LocalizedName languagecode="1033" description="Remove Admin Access" />
      </LocalizedNames>
    </Workflow>
  </Workflows>
  <FieldSecurityProfiles></FieldSecurityProfiles>
  <Templates />
  <EntityMaps />
  <EntityRelationships />
  <OrganizationSettings />
  <optionsets />
  <CustomControls />
  <EntityDataProviders />
  <CanvasApps>
    <CanvasApp>
      <Name>mssh_approveadminaccess_16caa</Name>
      <AppVersion>2022-09-28T22:30:54Z</AppVersion>
      <Status>Ready</Status>
      <CreatedByClientVersion>3.21073.27.0</CreatedByClientVersion>
      <MinClientVersion>3.21073.27.0</MinClientVersion>
      <Tags>{"primaryDeviceWidth":"1366","primaryDeviceHeight":"768","sienaVersion":"166a9f84-215d-4035-bee6-fb957c40939d","deviceCapabilities":"","supportsPortrait":"false","supportsLandscape":"true","primaryFormFactor":"Tablet","publisherVersion":"3.21073.27","minimumRequiredApiVersion":"2.2.0","hasComponent":"false","hasUnlockedComponent":"false","isUnifiedRootApp":"false"}</Tags>
      <IsCdsUpgraded>0</IsCdsUpgraded>
      <GalleryItemId xsi:nil="true"></GalleryItemId>
      <BackgroundColor>rgba(0, 176, 240, 1)</BackgroundColor>
      <DisplayName>Org Admin Access</DisplayName>
      <Description></Description>
      <CommitMessage></CommitMessage>
      <Publisher></Publisher>
      <AuthorizationReferences>[]</AuthorizationReferences>
      <ConnectionReferences>{"709ab0ad-c256-4aa5-acc0-7def88e61014":{"id":"/providers/microsoft.powerapps/apis/shared_logicflows","displayName":"Logic flows","iconUri":"https://connectoricons-prod.azureedge.net/releases/v1.0.1534/1.0.1534.2605/logicflows/icon.png","dataSources":["ProvideAdminAccess"],"dependencies":["6ca310de-08b0-41df-a66b-017834e41227"],"dependents":[],"parameterHints":{"workflowName":{"value":"c7fd6fdc-6afc-46b6-a3ca-1f7203b59239"},"6ca310de-08b0-41df-a66b-017834e41227":{"value":"shared_commondataserviceforapps_1"}},"parameterHintsV2":{"shared_commondataserviceforapps_1":{"value":"6ca310de-08b0-41df-a66b-017834e41227"}},"isOnPremiseConnection":false,"bypassConsent":false,"dataSets":{},"apiTier":"Standard"},"6ca310de-08b0-41df-a66b-017834e41227":{"id":"/providers/microsoft.powerapps/apis/shared_commondataserviceforapps","displayName":"Microsoft Dataverse","iconUri":"https://connectoricons-prod.azureedge.net/releases/v1.0.1588/1.0.1588.2938/commondataserviceforapps/icon.png","dataSources":[],"dependencies":[],"dependents":["709ab0ad-c256-4aa5-acc0-7def88e61014","df527bb2-03b8-452a-9780-e161a56aed1a"],"parameterHints":{},"parameterHintsV2":{},"isOnPremiseConnection":false,"bypassConsent":false,"dataSets":{},"apiTier":"Premium"},"df527bb2-03b8-452a-9780-e161a56aed1a":{"id":"/providers/microsoft.powerapps/apis/shared_logicflows","displayName":"Logic flows","iconUri":"https://connectoricons-prod.azureedge.net/releases/v1.0.1534/1.0.1534.2605/logicflows/icon.png","dataSources":["SubmitRequest"],"dependencies":["4c11cb4b-8621-4242-a2d5-31296db9b9d6","6ca310de-08b0-41df-a66b-017834e41227","71ce7ac4-3b64-4029-a9ef-c1f89936b743","26c41681-1e3e-4cf0-a16b-0d939821446c"],"dependents":[],"parameterHints":{"workflowName":{"value":"ccb69a5a-8dac-4f2b-8e45-78dad7c77c9e"},"workflowEntityId":{"value":"676e4e80-3185-eb11-a812-000d3a593043"},"4c11cb4b-8621-4242-a2d5-31296db9b9d6":{"value":"shared_azuread_2"},"6ca310de-08b0-41df-a66b-017834e41227":{"value":"shared_commondataserviceforapps"},"71ce7ac4-3b64-4029-a9ef-c1f89936b743":{"value":"shared_office365"},"26c41681-1e3e-4cf0-a16b-0d939821446c":{"value":"shared_sharepointonline"}},"parameterHintsV2":{"workflowName":{"value":"ccb69a5a-8dac-4f2b-8e45-78dad7c77c9e"},"workflowEntityId":{"value":"676e4e80-3185-eb11-a812-000d3a593043"},"shared_azuread_2":{"value":"4c11cb4b-8621-4242-a2d5-31296db9b9d6"},"shared_commondataserviceforapps":{"value":"6ca310de-08b0-41df-a66b-017834e41227"},"shared_office365":{"value":"71ce7ac4-3b64-4029-a9ef-c1f89936b743"},"shared_sharepointonline":{"value":"26c41681-1e3e-4cf0-a16b-0d939821446c"}},"isOnPremiseConnection":false,"bypassConsent":false,"dataSets":{},"apiTier":"Standard","actions":["Run"]},"4c11cb4b-8621-4242-a2d5-31296db9b9d6":{"id":"/providers/microsoft.powerapps/apis/shared_azuread","displayName":"Azure AD","iconUri":"https://connectoricons-prod.azureedge.net/releases/v1.0.1551/1.0.1551.2693/azuread/icon.png","dataSources":[],"dependencies":[],"dependents":["df527bb2-03b8-452a-9780-e161a56aed1a"],"parameterHints":{},"parameterHintsV2":{},"isOnPremiseConnection":false,"bypassConsent":false,"dataSets":{},"apiTier":"Standard"},"71ce7ac4-3b64-4029-a9ef-c1f89936b743":{"id":"/providers/microsoft.powerapps/apis/shared_office365","displayName":"Office 365 Outlook","iconUri":"https://connectoricons-prod.azureedge.net/releases/v1.0.1599/1.0.1599.3017/office365/icon.png","dataSources":[],"dependencies":[],"dependents":["df527bb2-03b8-452a-9780-e161a56aed1a"],"parameterHints":{},"parameterHintsV2":{},"isOnPremiseConnection":false,"bypassConsent":false,"dataSets":{},"apiTier":"Standard"},"26c41681-1e3e-4cf0-a16b-0d939821446c":{"id":"/providers/microsoft.powerapps/apis/shared_sharepointonline","displayName":"SharePoint","iconUri":"https://connectoricons-prod.azureedge.net/releases/v1.0.1591/1.0.1591.2961/sharepointonline/icon.png","dataSources":[],"dependencies":[],"dependents":["df527bb2-03b8-452a-9780-e161a56aed1a"],"parameterHints":{},"parameterHintsV2":{},"isOnPremiseConnection":false,"bypassConsent":false,"dataSets":{},"apiTier":"Standard"}}</ConnectionReferences>
      <DatabaseReferences>{}</DatabaseReferences>
      <CanConsumeAppPass>1</CanConsumeAppPass>
      <CanvasAppType>0</CanvasAppType>
      <BypassConsent>0</BypassConsent>
      <EmbeddedApp xsi:nil="true"></EmbeddedApp>
      <IntroducedVersion>1.0</IntroducedVersion>
      <CdsDependencies>{"cdsdependencies":[]}</CdsDependencies>
      <IsCustomizable>1</IsCustomizable>
      <BackgroundImageUri>/CanvasApps/mssh_approveadminaccess_16caa_BackgroundImageUri</BackgroundImageUri>
      <DocumentUri>/CanvasApps/mssh_approveadminaccess_16caa_DocumentUri.msapp</DocumentUri>
    </CanvasApp>
  </CanvasApps>
  <connectionreferences>
    <connectionreference connectionreferencelogicalname="mssh_sharedazuread_a31b5">
      <connectionreferencedisplayname>Azure AD</connectionreferencedisplayname>
      <connectorid>/providers/Microsoft.PowerApps/apis/shared_azuread</connectorid>
      <iscustomizable>1</iscustomizable>
      <statecode>0</statecode>
      <statuscode>1</statuscode>
    </connectionreference>
    <connectionreference connectionreferencelogicalname="mssh_sharedcommondataserviceforapps_54d80">
      <connectionreferencedisplayname>Common Data Service (current environment)</connectionreferencedisplayname>
      <connectorid>/providers/Microsoft.PowerApps/apis/shared_commondataserviceforapps</connectorid>
      <iscustomizable>1</iscustomizable>
      <statecode>0</statecode>
      <statuscode>1</statuscode>
    </connectionreference>
    <connectionreference connectionreferencelogicalname="mssh_sharedoffice365_06536">
      <connectionreferencedisplayname>Office 365 Outlook</connectionreferencedisplayname>
      <connectorid>/providers/Microsoft.PowerApps/apis/shared_office365</connectorid>
      <iscustomizable>1</iscustomizable>
      <statecode>0</statecode>
      <statuscode>1</statuscode>
    </connectionreference>
    <connectionreference connectionreferencelogicalname="mssh_sharedsharepointonline_e3d43">
      <connectionreferencedisplayname>SharePoint</connectionreferencedisplayname>
      <connectorid>/providers/Microsoft.PowerApps/apis/shared_sharepointonline</connectorid>
      <iscustomizable>1</iscustomizable>
      <statecode>0</statecode>
      <statuscode>1</statuscode>
    </connectionreference>
  </connectionreferences>
  <Languages>
    <Language>1033</Language>
  </Languages>
</ImportExportXml>